Date,Total Cases,New Cases,Total Deaths,New Deaths,Total Tested
03/10/2020 12:00:00 AM,0,0,0,0,1
03/11/2020 12:00:00 AM,0,0,0,0,4
03/12/2020 12:00:00 AM,0,0,0,0,4
03/13/2020 12:00:00 AM,0,0,0,0,12
03/14/2020 12:00:00 AM,1,1,0,0,16
03/15/2020 12:00:00 AM,2,1,0,0,12
03/16/2020 12:00:00 AM,6,4,0,0,75
03/17/2020 12:00:00 AM,9,3,0,0,125
03/18/2020 12:00:00 AM,12,3,0,0,131
03/19/2020 12:00:00 AM,22,10,0,0,175
03/20/2020 12:00:00 AM,37,15,0,0,190
03/21/2020 12:00:00 AM,42,5,0,0,77
03/22/2020 12:00:00 AM,43,1,0,0,61
03/23/2020 12:00:00 AM,55,12,0,0,195
03/24/2020 12:00:00 AM,71,16,0,0,231
03/25/2020 12:00:00 AM,88,17,0,0,200
03/26/2020 12:00:00 AM,99,11,0,0,181
03/27/2020 12:00:00 AM,112,13,0,0,184
03/28/2020 12:00:00 AM,122,10,0,0,102
03/29/2020 12:00:00 AM,127,5,0,0,70
03/30/2020 12:00:00 AM,147,20,1,1,227
03/31/2020 12:00:00 AM,169,22,1,0,195
04/01/2020 12:00:00 AM,191,22,1,0,175
04/02/2020 12:00:00 AM,214,23,2,1,178
04/03/2020 12:00:00 AM,234,20,4,2,134
04/04/2020 12:00:00 AM,248,14,5,1,101
04/05/2020 12:00:00 AM,258,10,8,3,75
04/06/2020 12:00:00 AM,282,24,8,0,178
04/07/2020 12:00:00 AM,302,20,9,1,178
04/08/2020 12:00:00 AM,317,15,9,0,189
04/09/2020 12:00:00 AM,337,20,9,0,174
04/10/2020 12:00:00 AM,351,14,9,0,177
04/11/2020 12:00:00 AM,357,6,9,0,109
04/12/2020 12:00:00 AM,359,2,9,0,66
04/13/2020 12:00:00 AM,379,20,11,2,212
04/14/2020 12:00:00 AM,394,15,12,1,209
04/15/2020 12:00:00 AM,407,13,12,0,193
04/16/2020 12:00:00 AM,419,12,12,0,187
04/17/2020 12:00:00 AM,429,10,13,1,242
04/18/2020 12:00:00 AM,434,5,13,0,111
04/19/2020 12:00:00 AM,438,4,13,0,74
04/20/2020 12:00:00 AM,456,18,13,0,319
04/21/2020 12:00:00 AM,472,16,15,2,309
04/22/2020 12:00:00 AM,484,12,15,0,361
04/23/2020 12:00:00 AM,496,12,16,1,244
04/24/2020 12:00:00 AM,507,11,16,0,420
04/25/2020 12:00:00 AM,513,6,16,0,170
04/26/2020 12:00:00 AM,516,3,16,0,88
04/27/2020 12:00:00 AM,555,39,16,0,515
04/28/2020 12:00:00 AM,592,37,16,0,769
04/29/2020 12:00:00 AM,637,45,16,0,610
04/30/2020 12:00:00 AM,667,30,16,0,406
05/01/2020 12:00:00 AM,682,15,16,0,551
05/02/2020 12:00:00 AM,692,10,17,1,260
05/03/2020 12:00:00 AM,698,6,17,0,136
05/04/2020 12:00:00 AM,727,29,17,0,404
05/05/2020 12:00:00 AM,753,26,17,0,610
05/06/2020 12:00:00 AM,770,17,17,0,542
05/07/2020 12:00:00 AM,782,12,17,0,509
05/08/2020 12:00:00 AM,797,15,17,0,553
05/09/2020 12:00:00 AM,807,10,17,0,364
05/10/2020 12:00:00 AM,812,5,17,0,176
05/11/2020 12:00:00 AM,835,23,17,0,538
05/12/2020 12:00:00 AM,849,14,18,1,491
05/13/2020 12:00:00 AM,879,30,19,1,587
05/14/2020 12:00:00 AM,899,20,19,0,535
05/15/2020 12:00:00 AM,914,15,19,0,679
05/16/2020 12:00:00 AM,926,12,21,2,347
05/17/2020 12:00:00 AM,934,8,21,0,166
05/18/2020 12:00:00 AM,973,39,22,1,730
05/19/2020 12:00:00 AM,1001,28,22,0,940
05/20/2020 12:00:00 AM,1026,25,22,0,730
05/21/2020 12:00:00 AM,1062,36,22,0,695
05/22/2020 12:00:00 AM,1086,24,22,0,489
05/23/2020 12:00:00 AM,1091,5,23,1,281
05/24/2020 12:00:00 AM,1101,10,25,2,237
05/25/2020 12:00:00 AM,1108,7,25,0,203
05/26/2020 12:00:00 AM,1137,29,25,0,1247
05/27/2020 12:00:00 AM,1178,41,25,0,1097
05/28/2020 12:00:00 AM,1207,29,26,1,801
05/29/2020 12:00:00 AM,1249,42,26,0,910
05/30/2020 12:00:00 AM,1357,108,26,0,785
05/31/2020 12:00:00 AM,1432,75,28,2,439
06/01/2020 12:00:00 AM,1462,30,29,1,916
06/02/2020 12:00:00 AM,1494,32,29,0,1087
06/03/2020 12:00:00 AM,1531,37,30,1,1104
06/04/2020 12:00:00 AM,1560,29,30,0,576
06/05/2020 12:00:00 AM,1610,50,30,0,1013
06/06/2020 12:00:00 AM,1626,16,31,1,477
06/07/2020 12:00:00 AM,1634,8,32,1,262
06/08/2020 12:00:00 AM,1677,43,32,0,1051
06/09/2020 12:00:00 AM,1722,45,32,0,1252
06/10/2020 12:00:00 AM,1749,27,32,0,967
06/11/2020 12:00:00 AM,1776,27,32,0,842
06/12/2020 12:00:00 AM,1821,45,32,0,1047
06/13/2020 12:00:00 AM,1832,11,32,0,547
06/14/2020 12:00:00 AM,1849,17,32,0,266
06/15/2020 12:00:00 AM,1888,39,32,0,1126
06/16/2020 12:00:00 AM,1942,54,32,0,1226
06/17/2020 12:00:00 AM,1994,52,32,0,1229
06/18/2020 12:00:00 AM,2053,59,32,0,1123
06/19/2020 12:00:00 AM,2103,50,32,0,1033
06/20/2020 12:00:00 AM,2125,22,33,1,550
06/21/2020 12:00:00 AM,2149,24,34,1,342
06/22/2020 12:00:00 AM,2221,72,35,1,1445
06/23/2020 12:00:00 AM,2286,65,35,0,1435
06/24/2020 12:00:00 AM,2398,112,36,1,1423
06/25/2020 12:00:00 AM,2475,77,36,0,1187
06/26/2020 12:00:00 AM,2555,80,36,0,1569
06/27/2020 12:00:00 AM,2593,38,37,1,794
06/28/2020 12:00:00 AM,2621,28,38,1,456
06/29/2020 12:00:00 AM,2725,104,38,0,1756
06/30/2020 12:00:00 AM,2855,130,38,0,1550
07/01/2020 12:00:00 AM,2962,107,38,0,1703
07/02/2020 12:00:00 AM,3076,114,38,0,1615
07/03/2020 12:00:00 AM,3144,68,39,1,1121
07/04/2020 12:00:00 AM,3167,23,39,0,501
07/05/2020 12:00:00 AM,3212,45,39,0,454
07/06/2020 12:00:00 AM,3341,129,41,2,1930
07/07/2020 12:00:00 AM,3495,154,42,1,1706
07/08/2020 12:00:00 AM,3626,131,43,1,1641
07/09/2020 12:00:00 AM,3781,155,45,2,1551
07/10/2020 12:00:00 AM,3905,124,45,0,1518
07/11/2020 12:00:00 AM,3989,84,45,0,1206
07/12/2020 12:00:00 AM,4031,42,48,3,668
07/13/2020 12:00:00 AM,4193,162,53,5,2952
07/14/2020 12:00:00 AM,4383,190,53,0,2296
07/15/2020 12:00:00 AM,4568,185,53,0,1941
07/16/2020 12:00:00 AM,4690,122,53,0,1544
07/17/2020 12:00:00 AM,4812,122,54,1,1554
07/18/2020 12:00:00 AM,4890,78,57,3,943
07/19/2020 12:00:00 AM,4928,38,58,1,463
07/20/2020 12:00:00 AM,5045,117,60,2,2048
07/21/2020 12:00:00 AM,5199,154,62,2,2245
07/22/2020 12:00:00 AM,5314,115,63,1,1237
07/23/2020 12:00:00 AM,5460,146,67,4,1872
07/24/2020 12:00:00 AM,5574,114,69,2,1826
07/25/2020 12:00:00 AM,5632,58,70,1,967
07/26/2020 12:00:00 AM,5676,44,71,1,489
07/27/2020 12:00:00 AM,5809,133,72,1,2033
07/28/2020 12:00:00 AM,5910,101,73,1,1664
07/29/2020 12:00:00 AM,6031,121,74,1,1335
07/30/2020 12:00:00 AM,6120,89,78,4,1376
07/31/2020 12:00:00 AM,6246,126,81,3,1467
08/01/2020 12:00:00 AM,6312,66,82,1,922
08/02/2020 12:00:00 AM,6343,31,83,1,466
08/03/2020 12:00:00 AM,6507,164,85,2,2221
08/04/2020 12:00:00 AM,6644,137,85,0,1653
08/05/2020 12:00:00 AM,6785,141,87,2,1928
08/06/2020 12:00:00 AM,6906,121,89,2,1969
08/07/2020 12:00:00 AM,7016,110,89,0,1780
08/08/2020 12:00:00 AM,7076,60,90,1,931
08/09/2020 12:00:00 AM,7111,35,90,0,697
08/10/2020 12:00:00 AM,7259,148,93,3,2636
08/11/2020 12:00:00 AM,7399,140,94,1,2383
08/12/2020 12:00:00 AM,7516,117,96,2,2086
08/13/2020 12:00:00 AM,7652,136,100,4,1790
08/14/2020 12:00:00 AM,7772,120,100,0,2016
08/15/2020 12:00:00 AM,7830,58,101,1,940
08/16/2020 12:00:00 AM,7880,50,101,0,836
08/17/2020 12:00:00 AM,7987,107,102,1,2020
08/18/2020 12:00:00 AM,8113,126,103,1,2100
08/19/2020 12:00:00 AM,8228,115,106,3,2159
08/20/2020 12:00:00 AM,8365,137,108,2,1693
08/21/2020 12:00:00 AM,8459,94,110,2,1549
08/22/2020 12:00:00 AM,8505,46,112,2,832
08/23/2020 12:00:00 AM,8556,51,114,2,641
08/24/2020 12:00:00 AM,8695,139,116,2,2468
08/25/2020 12:00:00 AM,8813,118,118,2,1789
08/26/2020 12:00:00 AM,8930,117,120,2,2264
08/27/2020 12:00:00 AM,9027,97,121,1,1541
08/28/2020 12:00:00 AM,9103,76,122,1,1504
08/29/2020 12:00:00 AM,9133,30,123,1,786
08/30/2020 12:00:00 AM,9167,34,123,0,617
08/31/2020 12:00:00 AM,9254,87,125,2,1914
09/01/2020 12:00:00 AM,9331,77,127,2,2103
09/02/2020 12:00:00 AM,9423,92,128,1,1885
09/03/2020 12:00:00 AM,9506,83,129,1,1287
09/04/2020 12:00:00 AM,9582,76,130,1,1255
09/05/2020 12:00:00 AM,9641,59,130,0,864
09/06/2020 12:00:00 AM,9682,41,131,1,651
09/07/2020 12:00:00 AM,9715,33,133,2,1125
09/08/2020 12:00:00 AM,9820,105,134,1,2281
09/09/2020 12:00:00 AM,9905,85,134,0,1791
09/10/2020 12:00:00 AM,10007,102,137,3,1589
09/11/2020 12:00:00 AM,10078,71,138,1,1428
09/12/2020 12:00:00 AM,10132,54,140,2,879
09/13/2020 12:00:00 AM,10189,57,140,0,711
09/14/2020 12:00:00 AM,10305,116,141,1,2367
09/15/2020 12:00:00 AM,10414,109,142,1,1785
09/16/2020 12:00:00 AM,10521,107,143,1,1813
09/17/2020 12:00:00 AM,10618,97,144,1,1659
09/18/2020 12:00:00 AM,10723,105,145,1,1476
09/19/2020 12:00:00 AM,10793,70,148,3,837
09/20/2020 12:00:00 AM,10845,52,151,3,590
09/21/2020 12:00:00 AM,10959,114,151,0,2172
09/22/2020 12:00:00 AM,11079,120,152,1,2313
09/23/2020 12:00:00 AM,11190,111,155,3,1686
09/24/2020 12:00:00 AM,11318,128,155,0,1861
09/25/2020 12:00:00 AM,11443,125,157,2,1896
09/26/2020 12:00:00 AM,11517,74,158,1,1019
09/27/2020 12:00:00 AM,11556,39,158,0,736
09/28/2020 12:00:00 AM,11667,111,159,1,2518
09/29/2020 12:00:00 AM,11815,148,161,2,2531
09/30/2020 12:00:00 AM,11926,111,161,0,2211
10/01/2020 12:00:00 AM,12038,112,162,1,1975
10/02/2020 12:00:00 AM,12158,120,164,2,1886
10/03/2020 12:00:00 AM,12217,59,167,3,1096
10/04/2020 12:00:00 AM,12266,49,168,1,799
10/05/2020 12:00:00 AM,12412,146,170,2,2441
10/06/2020 12:00:00 AM,12570,158,172,2,2557
10/07/2020 12:00:00 AM,12715,145,177,5,2310
10/08/2020 12:00:00 AM,12865,150,179,2,2006
10/09/2020 12:00:00 AM,12999,134,182,3,2113
10/10/2020 12:00:00 AM,13064,65,184,2,969
10/11/2020 12:00:00 AM,13137,73,185,1,753
10/12/2020 12:00:00 AM,13313,176,186,1,2281
10/13/2020 12:00:00 AM,13460,147,187,1,1996
10/14/2020 12:00:00 AM,13579,119,188,1,1594
10/15/2020 12:00:00 AM,13708,129,190,2,1783
10/16/2020 12:00:00 AM,13810,102,196,6,1835
10/17/2020 12:00:00 AM,13873,63,197,1,955
10/18/2020 12:00:00 AM,13909,36,200,3,689
10/19/2020 12:00:00 AM,14069,160,202,2,2288
10/20/2020 12:00:00 AM,14204,135,205,3,2289
10/21/2020 12:00:00 AM,14316,112,210,5,1900
10/22/2020 12:00:00 AM,14474,158,213,3,1838
10/23/2020 12:00:00 AM,14615,141,214,1,1787
10/24/2020 12:00:00 AM,14724,109,216,2,820
10/25/2020 12:00:00 AM,14786,62,218,2,744
10/26/2020 12:00:00 AM,14945,159,219,1,2061
10/27/2020 12:00:00 AM,15168,223,221,2,2418
10/28/2020 12:00:00 AM,15376,208,225,4,1792
10/29/2020 12:00:00 AM,15581,205,228,3,2241
10/30/2020 12:00:00 AM,15783,202,232,4,2202
10/31/2020 12:00:00 AM,15923,140,232,0,1127
11/01/2020 12:00:00 AM,16029,106,237,5,798
11/02/2020 12:00:00 AM,16338,309,242,5,2740
11/03/2020 12:00:00 AM,16590,252,245,3,2143
11/04/2020 12:00:00 AM,16982,392,248,3,2414
11/05/2020 12:00:00 AM,17393,411,251,3,2227
11/06/2020 12:00:00 AM,17694,301,258,7,2043
11/07/2020 12:00:00 AM,17901,207,262,4,1193
11/08/2020 12:00:00 AM,18048,147,263,1,706
11/09/2020 12:00:00 AM,18431,383,267,4,2197
11/10/2020 12:00:00 AM,18765,334,272,5,2406
11/11/2020 12:00:00 AM,19101,336,274,2,1931
11/12/2020 12:00:00 AM,19470,369,276,2,2414
11/13/2020 12:00:00 AM,19741,271,279,3,2093
11/14/2020 12:00:00 AM,19942,201,282,3,1411
11/15/2020 12:00:00 AM,20091,149,282,0,974
11/16/2020 12:00:00 AM,20455,364,283,1,3030
11/17/2020 12:00:00 AM,20822,367,284,1,2972
11/18/2020 12:00:00 AM,21139,317,288,4,2698
11/19/2020 12:00:00 AM,21470,331,292,4,3055
11/20/2020 12:00:00 AM,21751,281,293,1,2602
11/21/2020 12:00:00 AM,21892,141,298,5,1272
11/22/2020 12:00:00 AM,22002,110,300,2,871
11/23/2020 12:00:00 AM,22375,373,305,5,2974
11/24/2020 12:00:00 AM,22695,320,309,4,3025
11/25/2020 12:00:00 AM,22959,264,310,1,2347
11/26/2020 12:00:00 AM,23010,51,312,2,386
11/27/2020 12:00:00 AM,23232,222,315,3,1801
11/28/2020 12:00:00 AM,23403,171,317,2,957
11/29/2020 12:00:00 AM,23513,110,321,4,809
11/30/2020 12:00:00 AM,23919,406,327,6,2853
12/01/2020 12:00:00 AM,24231,312,331,4,2817
12/02/2020 12:00:00 AM,24564,333,332,1,2617
12/03/2020 12:00:00 AM,24891,327,337,5,2673
12/04/2020 12:00:00 AM,25138,247,339,2,2609
12/05/2020 12:00:00 AM,25304,166,341,2,1381
12/06/2020 12:00:00 AM,25417,113,345,4,906
12/07/2020 12:00:00 AM,25758,341,347,2,3195
12/08/2020 12:00:00 AM,26108,350,349,2,2911
12/09/2020 12:00:00 AM,26358,250,350,1,2182
12/10/2020 12:00:00 AM,26591,233,352,2,2389
12/11/2020 12:00:00 AM,26823,232,353,1,2218
12/12/2020 12:00:00 AM,26947,124,354,1,1005
12/13/2020 12:00:00 AM,27059,112,356,2,837
12/14/2020 12:00:00 AM,27365,306,360,4,3245
12/15/2020 12:00:00 AM,27592,227,362,2,2602
12/16/2020 12:00:00 AM,27850,258,364,2,2379
12/17/2020 12:00:00 AM,28086,236,368,4,2613
12/18/2020 12:00:00 AM,28334,248,370,2,2515
12/19/2020 12:00:00 AM,28467,133,374,4,1262
12/20/2020 12:00:00 AM,28589,122,375,1,1067
12/21/2020 12:00:00 AM,28900,311,380,5,3471
12/22/2020 12:00:00 AM,29173,273,382,2,2430
12/23/2020 12:00:00 AM,29388,215,384,2,2496
12/24/2020 12:00:00 AM,29575,187,389,5,1502
12/25/2020 12:00:00 AM,29617,42,394,5,336
12/26/2020 12:00:00 AM,29779,162,394,0,1212
12/27/2020 12:00:00 AM,29904,125,397,3,935
12/28/2020 12:00:00 AM,30304,400,402,5,3026
12/29/2020 12:00:00 AM,30623,319,405,3,2076
12/30/2020 12:00:00 AM,30989,366,406,1,2578
12/31/2020 12:00:00 AM,31199,210,412,6,1643
01/01/2021 12:00:00 AM,31247,48,417,5,494
01/02/2021 12:00:00 AM,31426,179,419,2,1145
01/03/2021 12:00:00 AM,31601,175,420,1,1039
01/04/2021 12:00:00 AM,32004,403,423,3,2968
01/05/2021 12:00:00 AM,32316,312,426,3,2724
01/06/2021 12:00:00 AM,32598,282,429,3,2629
01/07/2021 12:00:00 AM,32858,260,433,4,2144
01/08/2021 12:00:00 AM,33112,254,436,3,2217
01/09/2021 12:00:00 AM,33215,103,440,4,1030
01/10/2021 12:00:00 AM,33327,112,444,4,885
01/11/2021 12:00:00 AM,33605,278,446,2,2965
01/12/2021 12:00:00 AM,33778,173,446,0,2567
01/13/2021 12:00:00 AM,33981,203,450,4,2546
01/14/2021 12:00:00 AM,34192,211,455,5,2518
01/15/2021 12:00:00 AM,34322,130,459,4,1800
01/16/2021 12:00:00 AM,34418,96,465,6,1178
01/17/2021 12:00:00 AM,34483,65,467,2,883
01/18/2021 12:00:00 AM,34627,144,475,8,2364
01/19/2021 12:00:00 AM,34795,168,478,3,2336
01/20/2021 12:00:00 AM,34945,150,482,4,2123
01/21/2021 12:00:00 AM,35065,120,485,3,1994
01/22/2021 12:00:00 AM,35184,119,491,6,1918
01/23/2021 12:00:00 AM,35249,65,496,5,1002
01/24/2021 12:00:00 AM,35297,48,497,1,712
01/25/2021 12:00:00 AM,35434,137,497,0,2444
01/26/2021 12:00:00 AM,35576,142,500,3,2159
01/27/2021 12:00:00 AM,35679,103,503,3,2098
01/28/2021 12:00:00 AM,35767,88,505,2,1728
01/29/2021 12:00:00 AM,35875,108,507,2,1895
01/30/2021 12:00:00 AM,35938,63,507,0,861
01/31/2021 12:00:00 AM,35984,46,508,1,758
02/01/2021 12:00:00 AM,36101,117,511,3,2616
02/02/2021 12:00:00 AM,36180,79,512,1,1881
02/03/2021 12:00:00 AM,36280,100,512,0,2029
02/04/2021 12:00:00 AM,36351,71,516,4,1586
02/05/2021 12:00:00 AM,36435,84,517,1,1570
02/06/2021 12:00:00 AM,36484,49,518,1,736
02/07/2021 12:00:00 AM,36512,28,521,3,596
02/08/2021 12:00:00 AM,36574,62,521,0,1985
02/09/2021 12:00:00 AM,36613,39,525,4,1658
02/10/2021 12:00:00 AM,36661,48,526,1,1512
02/11/2021 12:00:00 AM,36711,50,528,2,1165
02/12/2021 12:00:00 AM,36760,49,528,0,1295
02/13/2021 12:00:00 AM,36787,27,532,4,465
02/14/2021 12:00:00 AM,36816,29,532,0,444
02/15/2021 12:00:00 AM,36851,35,532,0,1373
02/16/2021 12:00:00 AM,36899,48,534,2,1131
02/17/2021 12:00:00 AM,36938,39,535,1,1485
02/18/2021 12:00:00 AM,36990,52,537,2,1039
02/19/2021 12:00:00 AM,37032,42,541,4,1044
02/20/2021 12:00:00 AM,37055,23,544,3,513
02/21/2021 12:00:00 AM,37077,22,545,1,466
02/22/2021 12:00:00 AM,37121,44,547,2,1690
02/23/2021 12:00:00 AM,37154,33,549,2,1297
02/24/2021 12:00:00 AM,37194,40,550,1,1451
02/25/2021 12:00:00 AM,37236,42,552,2,1058
02/26/2021 12:00:00 AM,37272,36,552,0,1087
02/27/2021 12:00:00 AM,37291,19,553,1,469
02/28/2021 12:00:00 AM,37308,17,553,0,502
03/01/2021 12:00:00 AM,37339,31,554,1,1824
03/02/2021 12:00:00 AM,37369,30,554,0,1284
03/03/2021 12:00:00 AM,37401,32,557,3,1442
03/04/2021 12:00:00 AM,37424,23,558,1,958
03/05/2021 12:00:00 AM,37457,33,558,0,1123
03/06/2021 12:00:00 AM,37482,25,558,0,459
03/07/2021 12:00:00 AM,37496,14,558,0,474
03/08/2021 12:00:00 AM,37550,54,563,5,1954
03/09/2021 12:00:00 AM,37576,26,563,0,1308
03/10/2021 12:00:00 AM,37616,40,564,1,1165
03/11/2021 12:00:00 AM,37649,33,564,0,832
03/12/2021 12:00:00 AM,37683,34,564,0,931
03/13/2021 12:00:00 AM,37703,20,564,0,488
03/14/2021 12:00:00 AM,37718,15,564,0,384
03/15/2021 12:00:00 AM,37757,39,566,2,1733
03/16/2021 12:00:00 AM,37780,23,566,0,1263
03/17/2021 12:00:00 AM,37807,27,566,0,1063
03/18/2021 12:00:00 AM,37835,28,566,0,779
03/19/2021 12:00:00 AM,37863,28,567,1,970
03/20/2021 12:00:00 AM,37878,15,567,0,476
03/21/2021 12:00:00 AM,37903,25,567,0,506
03/22/2021 12:00:00 AM,37925,22,568,1,1550
03/23/2021 12:00:00 AM,37950,25,568,0,1175
03/24/2021 12:00:00 AM,37971,21,568,0,1193
03/25/2021 12:00:00 AM,37995,24,569,1,913
03/26/2021 12:00:00 AM,38027,32,570,1,996
03/27/2021 12:00:00 AM,38039,12,570,0,487
03/28/2021 12:00:00 AM,38055,16,570,0,476
03/29/2021 12:00:00 AM,38083,28,570,0,1408
03/30/2021 12:00:00 AM,38106,23,570,0,1054
03/31/2021 12:00:00 AM,38136,30,570,0,1041
04/01/2021 12:00:00 AM,38171,35,570,0,795
04/02/2021 12:00:00 AM,38206,35,570,0,918
04/03/2021 12:00:00 AM,38225,19,570,0,553
04/04/2021 12:00:00 AM,38240,15,570,0,391
04/05/2021 12:00:00 AM,38268,28,572,2,1572
04/06/2021 12:00:00 AM,38303,35,572,0,1328
04/07/2021 12:00:00 AM,38328,25,572,0,1156
04/08/2021 12:00:00 AM,38353,25,574,2,805
04/09/2021 12:00:00 AM,38382,29,574,0,931
04/10/2021 12:00:00 AM,38409,27,575,1,568
04/11/2021 12:00:00 AM,38426,17,575,0,412
04/12/2021 12:00:00 AM,38480,54,575,0,1742
04/13/2021 12:00:00 AM,38514,34,577,2,1363
04/14/2021 12:00:00 AM,38545,31,577,0,1318
04/15/2021 12:00:00 AM,38575,30,577,0,1038
04/16/2021 12:00:00 AM,38611,36,577,0,942
04/17/2021 12:00:00 AM,38640,29,577,0,481
04/18/2021 12:00:00 AM,38663,23,579,2,448
04/19/2021 12:00:00 AM,38711,48,579,0,1288
04/20/2021 12:00:00 AM,38741,30,579,0,1079
04/21/2021 12:00:00 AM,38790,49,579,0,1106
04/22/2021 12:00:00 AM,38827,37,579,0,861
04/23/2021 12:00:00 AM,38873,46,579,0,835
04/24/2021 12:00:00 AM,38910,37,579,0,529
04/25/2021 12:00:00 AM,38941,31,579,0,426
04/26/2021 12:00:00 AM,39008,67,580,1,1193
04/27/2021 12:00:00 AM,39055,47,582,2,1038
04/28/2021 12:00:00 AM,39108,53,582,0,1057
04/29/2021 12:00:00 AM,39156,48,582,0,800
04/30/2021 12:00:00 AM,39187,31,583,1,856
05/01/2021 12:00:00 AM,39220,33,583,0,493
05/02/2021 12:00:00 AM,39252,32,584,1,453
05/03/2021 12:00:00 AM,39306,54,584,0,1188
05/04/2021 12:00:00 AM,39347,41,586,2,1104
05/05/2021 12:00:00 AM,39395,48,586,0,1007
05/06/2021 12:00:00 AM,39434,39,586,0,804
05/07/2021 12:00:00 AM,39455,21,586,0,752
05/08/2021 12:00:00 AM,39479,24,587,1,503
05/09/2021 12:00:00 AM,39492,13,587,0,413
05/10/2021 12:00:00 AM,39533,41,588,1,1196
05/11/2021 12:00:00 AM,39564,31,588,0,1068
05/12/2021 12:00:00 AM,39598,34,588,0,1012
05/13/2021 12:00:00 AM,39629,31,588,0,915
05/14/2021 12:00:00 AM,39651,22,589,1,789
05/15/2021 12:00:00 AM,39675,24,590,1,622
05/16/2021 12:00:00 AM,39700,25,591,1,471
05/17/2021 12:00:00 AM,39732,32,591,0,1414
05/18/2021 12:00:00 AM,39776,44,593,2,1347
05/19/2021 12:00:00 AM,39802,26,593,0,1183
05/20/2021 12:00:00 AM,39831,29,593,0,972
05/21/2021 12:00:00 AM,39850,19,593,0,975
05/22/2021 12:00:00 AM,39864,14,594,1,369
05/23/2021 12:00:00 AM,39880,16,595,1,421
05/24/2021 12:00:00 AM,39914,34,596,1,1192
05/25/2021 12:00:00 AM,39938,24,596,0,1105
05/26/2021 12:00:00 AM,39963,25,596,0,868
05/27/2021 12:00:00 AM,39979,16,596,0,763
05/28/2021 12:00:00 AM,39991,12,596,0,642
05/29/2021 12:00:00 AM,40000,9,596,0,329
05/30/2021 12:00:00 AM,40008,8,596,0,360
05/31/2021 12:00:00 AM,40018,10,596,0,362
06/01/2021 12:00:00 AM,40037,19,596,0,1259
06/02/2021 12:00:00 AM,40049,12,597,1,818
06/03/2021 12:00:00 AM,40072,23,597,0,735
06/04/2021 12:00:00 AM,40087,15,598,1,665
06/05/2021 12:00:00 AM,40101,14,598,0,361
06/06/2021 12:00:00 AM,40108,7,598,0,350
06/07/2021 12:00:00 AM,40132,24,599,1,929
06/08/2021 12:00:00 AM,40145,13,599,0,951
06/09/2021 12:00:00 AM,40164,19,600,1,705
06/10/2021 12:00:00 AM,40194,30,602,2,742
06/11/2021 12:00:00 AM,40209,15,603,1,652
06/12/2021 12:00:00 AM,40220,11,603,0,406
06/13/2021 12:00:00 AM,40240,20,603,0,389
06/14/2021 12:00:00 AM,40271,31,603,0,1027
06/15/2021 12:00:00 AM,40287,16,605,2,831
06/16/2021 12:00:00 AM,40312,25,605,0,713
06/17/2021 12:00:00 AM,40334,22,605,0,719
06/18/2021 12:00:00 AM,40352,18,605,0,584
06/19/2021 12:00:00 AM,40368,16,605,0,514
06/20/2021 12:00:00 AM,40386,18,605,0,381
06/21/2021 12:00:00 AM,40415,29,605,0,1153
06/22/2021 12:00:00 AM,40445,30,606,1,1132
06/23/2021 12:00:00 AM,40477,32,606,0,820
06/24/2021 12:00:00 AM,40512,35,608,2,725
06/25/2021 12:00:00 AM,40540,28,609,1,589
06/26/2021 12:00:00 AM,40572,32,609,0,356
06/27/2021 12:00:00 AM,40596,24,609,0,362
06/28/2021 12:00:00 AM,40632,36,610,1,991
06/29/2021 12:00:00 AM,40672,40,610,0,705
06/30/2021 12:00:00 AM,40705,33,610,0,624
07/01/2021 12:00:00 AM,40739,34,611,1,558
07/02/2021 12:00:00 AM,40779,40,611,0,565
07/03/2021 12:00:00 AM,40816,37,611,0,396
07/04/2021 12:00:00 AM,40827,11,611,0,201
07/05/2021 12:00:00 AM,40877,50,612,1,591
07/06/2021 12:00:00 AM,40937,60,612,0,1203
07/07/2021 12:00:00 AM,41003,66,612,0,822
07/08/2021 12:00:00 AM,41067,64,613,1,1043
07/09/2021 12:00:00 AM,41127,60,614,1,758
07/10/2021 12:00:00 AM,41179,52,614,0,523
07/11/2021 12:00:00 AM,41237,58,614,0,459
07/12/2021 12:00:00 AM,41359,122,616,2,1368
07/13/2021 12:00:00 AM,41451,92,616,0,1102
07/14/2021 12:00:00 AM,41550,99,618,2,1047
07/15/2021 12:00:00 AM,41671,121,618,0,1067
07/16/2021 12:00:00 AM,41792,121,618,0,976
07/17/2021 12:00:00 AM,41882,90,620,2,648
07/18/2021 12:00:00 AM,41974,92,622,2,604
07/19/2021 12:00:00 AM,42105,131,622,0,1610
07/20/2021 12:00:00 AM,42275,170,624,2,1595
07/21/2021 12:00:00 AM,42463,188,624,0,1594
07/22/2021 12:00:00 AM,42655,192,624,0,1482
07/23/2021 12:00:00 AM,42826,171,625,1,1299
07/24/2021 12:00:00 AM,42973,147,627,2,897
07/25/2021 12:00:00 AM,43125,152,627,0,792
07/26/2021 12:00:00 AM,43332,207,628,1,2041
07/27/2021 12:00:00 AM,43559,227,628,0,2171
07/28/2021 12:00:00 AM,43785,226,629,1,2097
07/29/2021 12:00:00 AM,44025,240,632,3,2009
07/30/2021 12:00:00 AM,44230,205,635,3,1779
07/31/2021 12:00:00 AM,44416,186,637,2,1141
08/01/2021 12:00:00 AM,44557,141,638,1,953
08/02/2021 12:00:00 AM,44832,275,642,4,1894
08/03/2021 12:00:00 AM,45076,244,646,4,2153
08/04/2021 12:00:00 AM,45332,256,651,5,1729
08/05/2021 12:00:00 AM,45604,272,653,2,1967
08/06/2021 12:00:00 AM,45817,213,657,4,1705
08/07/2021 12:00:00 AM,45999,182,662,5,1102
08/08/2021 12:00:00 AM,46160,161,664,2,907
08/09/2021 12:00:00 AM,46466,306,668,4,2131
08/10/2021 12:00:00 AM,46729,263,670,2,1883
08/11/2021 12:00:00 AM,46939,210,670,0,1546
08/12/2021 12:00:00 AM,47180,241,673,3,1936
08/13/2021 12:00:00 AM,47377,197,676,3,1557
08/14/2021 12:00:00 AM,47533,156,678,2,947
08/15/2021 12:00:00 AM,47662,129,680,2,763
08/16/2021 12:00:00 AM,47888,226,684,4,1829
08/17/2021 12:00:00 AM,48114,226,689,5,1974
08/18/2021 12:00:00 AM,48347,233,692,3,1639
08/19/2021 12:00:00 AM,48582,235,698,6,2003
08/20/2021 12:00:00 AM,48744,162,699,1,1496
08/21/2021 12:00:00 AM,48880,136,702,3,1005
08/22/2021 12:00:00 AM,49013,133,705,3,789
08/23/2021 12:00:00 AM,49248,235,708,3,1961
08/24/2021 12:00:00 AM,49435,187,711,3,2020
08/25/2021 12:00:00 AM,49621,186,715,4,1539
08/26/2021 12:00:00 AM,49787,166,718,3,1582
08/27/2021 12:00:00 AM,49972,185,722,4,1624
08/28/2021 12:00:00 AM,50095,123,724,2,1015
08/29/2021 12:00:00 AM,50168,73,732,8,837
08/30/2021 12:00:00 AM,50349,181,735,3,1914
08/31/2021 12:00:00 AM,50499,150,742,7,2365
09/01/2021 12:00:00 AM,50680,181,742,0,1970
09/02/2021 12:00:00 AM,50854,174,750,8,1847
09/03/2021 12:00:00 AM,50989,135,756,6,1670
09/04/2021 12:00:00 AM,51084,95,758,2,947
09/05/2021 12:00:00 AM,51172,88,760,2,769
09/06/2021 12:00:00 AM,51217,45,762,2,632
09/07/2021 12:00:00 AM,51390,173,764,2,2409
09/08/2021 12:00:00 AM,51564,174,769,5,1930
09/09/2021 12:00:00 AM,51755,191,770,1,1924
09/10/2021 12:00:00 AM,51922,167,773,3,1741
09/11/2021 12:00:00 AM,52015,93,776,3,1101
09/12/2021 12:00:00 AM,52090,75,776,0,891
09/13/2021 12:00:00 AM,52254,164,779,3,2028
09/14/2021 12:00:00 AM,52402,148,779,0,2064
09/15/2021 12:00:00 AM,52553,151,782,3,1903
09/16/2021 12:00:00 AM,52719,166,785,3,1780
09/17/2021 12:00:00 AM,52832,113,787,2,1638
09/18/2021 12:00:00 AM,52915,83,791,4,958
09/19/2021 12:00:00 AM,53007,92,794,3,850
09/20/2021 12:00:00 AM,53148,141,795,1,2031
09/21/2021 12:00:00 AM,53266,118,797,2,1987
09/22/2021 12:00:00 AM,53380,114,797,0,1638
09/23/2021 12:00:00 AM,53492,112,802,5,1673
09/24/2021 12:00:00 AM,53604,112,805,3,1451
09/25/2021 12:00:00 AM,53652,48,806,1,885
09/26/2021 12:00:00 AM,53714,62,808,2,740
09/27/2021 12:00:00 AM,53825,111,810,2,1864
09/28/2021 12:00:00 AM,53938,113,813,3,1866
09/29/2021 12:00:00 AM,54055,117,814,1,1897
09/30/2021 12:00:00 AM,54162,107,815,1,1620
10/01/2021 12:00:00 AM,54256,94,817,2,1364
10/02/2021 12:00:00 AM,54319,63,819,2,793
10/03/2021 12:00:00 AM,54358,39,819,0,683
10/04/2021 12:00:00 AM,54452,94,824,5,1974
10/05/2021 12:00:00 AM,54560,108,825,1,1881
10/06/2021 12:00:00 AM,54628,68,828,3,1527
10/07/2021 12:00:00 AM,54701,73,828,0,1355
10/08/2021 12:00:00 AM,54773,72,829,1,1260
10/09/2021 12:00:00 AM,54819,46,832,3,707
10/10/2021 12:00:00 AM,54863,44,832,0,658
10/11/2021 12:00:00 AM,54932,69,835,3,1755
10/12/2021 12:00:00 AM,54993,61,837,2,1588
10/13/2021 12:00:00 AM,55052,59,841,4,1302
10/14/2021 12:00:00 AM,55107,55,844,3,1106
10/15/2021 12:00:00 AM,55169,62,845,1,1112
10/16/2021 12:00:00 AM,55205,36,848,3,645
10/17/2021 12:00:00 AM,55248,43,848,0,609
10/18/2021 12:00:00 AM,55326,78,849,1,1707
10/19/2021 12:00:00 AM,55384,58,849,0,1266
10/20/2021 12:00:00 AM,55446,62,849,0,1314
10/21/2021 12:00:00 AM,55532,86,849,0,1228
10/22/2021 12:00:00 AM,55601,69,851,2,1083
10/23/2021 12:00:00 AM,55633,32,854,3,672
10/24/2021 12:00:00 AM,55678,45,855,1,558
10/25/2021 12:00:00 AM,55758,80,855,0,1719
10/26/2021 12:00:00 AM,55836,78,856,1,1325
10/27/2021 12:00:00 AM,55902,66,859,3,1329
10/28/2021 12:00:00 AM,55977,75,860,1,1118
10/29/2021 12:00:00 AM,56031,54,861,1,1015
10/30/2021 12:00:00 AM,56076,45,861,0,627
10/31/2021 12:00:00 AM,56106,30,862,1,577
11/01/2021 12:00:00 AM,56168,62,864,2,1649
11/02/2021 12:00:00 AM,56233,65,864,0,1346
11/03/2021 12:00:00 AM,56310,77,865,1,1287
11/04/2021 12:00:00 AM,56388,78,866,1,1243
11/05/2021 12:00:00 AM,56476,88,867,1,1221
11/06/2021 12:00:00 AM,56525,49,867,0,696
11/07/2021 12:00:00 AM,56561,36,867,0,529
11/08/2021 12:00:00 AM,56679,118,868,1,1700
11/09/2021 12:00:00 AM,56769,90,868,0,1289
11/10/2021 12:00:00 AM,56861,92,868,0,1135
11/11/2021 12:00:00 AM,56941,80,873,5,894
11/12/2021 12:00:00 AM,57022,81,873,0,912
11/13/2021 12:00:00 AM,57079,57,873,0,516
11/14/2021 12:00:00 AM,57132,53,873,0,453
11/15/2021 12:00:00 AM,57233,101,873,0,1363
11/16/2021 12:00:00 AM,57354,121,874,1,1151
11/17/2021 12:00:00 AM,57491,137,874,0,1119
11/18/2021 12:00:00 AM,57613,122,875,1,1082
11/19/2021 12:00:00 AM,57708,95,876,1,953
11/20/2021 12:00:00 AM,57803,95,876,0,663
11/21/2021 12:00:00 AM,57856,53,879,3,478
11/22/2021 12:00:00 AM,57984,128,881,2,1222
11/23/2021 12:00:00 AM,58137,153,884,3,1052
11/24/2021 12:00:00 AM,58277,140,885,1,948
11/25/2021 12:00:00 AM,58291,14,885,0,174
11/26/2021 12:00:00 AM,58417,126,887,2,804
11/27/2021 12:00:00 AM,58540,123,889,2,626
11/28/2021 12:00:00 AM,58674,134,891,2,593
11/29/2021 12:00:00 AM,58928,254,893,2,1698
11/30/2021 12:00:00 AM,59169,241,897,4,1380
12/01/2021 12:00:00 AM,59393,224,898,1,1504
12/02/2021 12:00:00 AM,59659,266,899,1,1304
12/03/2021 12:00:00 AM,59877,218,900,1,1456
12/04/2021 12:00:00 AM,60029,152,901,1,790
12/05/2021 12:00:00 AM,60145,116,901,0,545
12/06/2021 12:00:00 AM,60398,253,904,3,1822
12/07/2021 12:00:00 AM,60628,230,906,2,1479
12/08/2021 12:00:00 AM,60895,267,908,2,1547
12/09/2021 12:00:00 AM,61087,192,912,4,1367
12/10/2021 12:00:00 AM,61315,228,914,2,1190
12/11/2021 12:00:00 AM,61438,123,917,3,696
12/12/2021 12:00:00 AM,61533,95,919,2,591
12/13/2021 12:00:00 AM,61840,307,921,2,2027
12/14/2021 12:00:00 AM,62066,226,923,2,1664
12/15/2021 12:00:00 AM,62303,237,927,4,1477
12/16/2021 12:00:00 AM,62531,228,932,5,1352
12/17/2021 12:00:00 AM,62765,234,934,2,1355
12/18/2021 12:00:00 AM,62934,169,937,3,850
12/19/2021 12:00:00 AM,63053,119,940,3,624
12/20/2021 12:00:00 AM,63345,292,941,1,1808
12/21/2021 12:00:00 AM,63698,353,944,3,1620
12/22/2021 12:00:00 AM,64124,426,945,1,1994
12/23/2021 12:00:00 AM,64539,415,948,3,1890
12/24/2021 12:00:00 AM,64763,224,951,3,771
12/25/2021 12:00:00 AM,64839,76,954,3,261
12/26/2021 12:00:00 AM,65087,248,958,4,747
12/27/2021 12:00:00 AM,65969,882,964,6,2677
12/28/2021 12:00:00 AM,66821,852,966,2,2270
12/29/2021 12:00:00 AM,68009,1188,969,3,2938
12/30/2021 12:00:00 AM,69260,1251,972,3,3070
12/31/2021 12:00:00 AM,69716,456,975,3,1270
01/01/2022 12:00:00 AM,69901,185,978,3,446
01/02/2022 12:00:00 AM,70309,408,980,2,872
01/03/2022 12:00:00 AM,71642,1333,981,1,3237
01/04/2022 12:00:00 AM,72886,1244,984,3,2965
01/05/2022 12:00:00 AM,74143,1257,987,3,2812
01/06/2022 12:00:00 AM,75184,1041,993,6,2604
01/07/2022 12:00:00 AM,76211,1027,997,4,2416
01/08/2022 12:00:00 AM,76882,671,999,2,1498
01/09/2022 12:00:00 AM,77281,399,1006,7,965
01/10/2022 12:00:00 AM,78775,1494,1016,10,3758
01/11/2022 12:00:00 AM,79876,1101,1019,3,2767
01/12/2022 12:00:00 AM,81121,1245,1020,1,3034
01/13/2022 12:00:00 AM,82252,1131,1024,4,2745
01/14/2022 12:00:00 AM,83218,966,1029,5,2433
01/15/2022 12:00:00 AM,83535,317,1032,3,881
01/16/2022 12:00:00 AM,83855,320,1035,3,852
01/17/2022 12:00:00 AM,84917,1062,1041,6,2884
01/18/2022 12:00:00 AM,85945,1028,1042,1,2823
01/19/2022 12:00:00 AM,86894,949,1049,7,2494
01/20/2022 12:00:00 AM,87549,655,1053,4,1889
01/21/2022 12:00:00 AM,88215,666,1057,4,1841
01/22/2022 12:00:00 AM,88591,376,1062,5,956
01/23/2022 12:00:00 AM,88811,220,1068,6,667
01/24/2022 12:00:00 AM,89518,707,1076,8,2425
01/25/2022 12:00:00 AM,90014,496,1079,3,1652
01/26/2022 12:00:00 AM,90502,488,1084,5,1647
01/27/2022 12:00:00 AM,90929,427,1087,3,1714
01/28/2022 12:00:00 AM,91309,380,1092,5,1402
01/29/2022 12:00:00 AM,91529,220,1097,5,747
01/30/2022 12:00:00 AM,91665,136,1100,3,546
01/31/2022 12:00:00 AM,92035,370,1102,2,1960
02/01/2022 12:00:00 AM,92318,283,1103,1,1378
02/02/2022 12:00:00 AM,92453,135,1105,2,658
02/03/2022 12:00:00 AM,92649,196,1106,1,949
02/04/2022 12:00:00 AM,92857,208,1111,5,1026
02/05/2022 12:00:00 AM,92967,110,1113,2,536
02/06/2022 12:00:00 AM,93057,90,1117,4,464
02/07/2022 12:00:00 AM,93254,197,1123,6,1613
02/08/2022 12:00:00 AM,93396,142,1130,7,1035
02/09/2022 12:00:00 AM,93531,135,1130,0,1055
02/10/2022 12:00:00 AM,93629,98,1133,3,868
02/11/2022 12:00:00 AM,93715,86,1133,0,738
02/12/2022 12:00:00 AM,93774,59,1136,3,448
02/13/2022 12:00:00 AM,93817,43,1137,1,356
02/14/2022 12:00:00 AM,93914,97,1137,0,1261
02/15/2022 12:00:00 AM,93984,70,1139,2,937
02/16/2022 12:00:00 AM,94061,77,1140,1,859
02/17/2022 12:00:00 AM,94077,16,1142,2,295
02/18/2022 12:00:00 AM,94112,35,1143,1,640
02/19/2022 12:00:00 AM,94134,22,1145,2,372
02/20/2022 12:00:00 AM,94160,26,1145,0,336
02/21/2022 12:00:00 AM,94224,64,1146,1,959
02/22/2022 12:00:00 AM,94284,60,1148,2,731
02/23/2022 12:00:00 AM,94337,53,1149,1,792
02/24/2022 12:00:00 AM,94379,42,1150,1,662
02/25/2022 12:00:00 AM,94422,43,1152,2,543
02/26/2022 12:00:00 AM,94445,23,1152,0,317
02/27/2022 12:00:00 AM,94473,28,1152,0,302
02/28/2022 12:00:00 AM,94508,35,1154,2,1117
03/01/2022 12:00:00 AM,94538,30,1155,1,688
03/02/2022 12:00:00 AM,94580,42,1156,1,745
03/03/2022 12:00:00 AM,94601,21,1157,1,575
03/04/2022 12:00:00 AM,94623,22,1158,1,545
03/05/2022 12:00:00 AM,94636,13,1158,0,299
03/06/2022 12:00:00 AM,94648,12,1158,0,394
03/07/2022 12:00:00 AM,94671,23,1158,0,1032
03/08/2022 12:00:00 AM,94699,28,1158,0,614
03/09/2022 12:00:00 AM,94720,21,1158,0,682
03/10/2022 12:00:00 AM,94731,11,1159,1,381
03/11/2022 12:00:00 AM,94745,14,1159,0,456
03/12/2022 12:00:00 AM,94750,5,1159,0,306
03/13/2022 12:00:00 AM,94758,8,1159,0,398
03/14/2022 12:00:00 AM,94783,25,1160,1,963
03/15/2022 12:00:00 AM,94801,18,1160,0,681
03/16/2022 12:00:00 AM,94826,25,1160,0,604
03/17/2022 12:00:00 AM,94844,18,1160,0,533
03/18/2022 12:00:00 AM,94860,16,1160,0,443
03/19/2022 12:00:00 AM,94864,4,1160,0,245
03/20/2022 12:00:00 AM,94872,8,1160,0,249
03/21/2022 12:00:00 AM,94890,18,1160,0,576
03/22/2022 12:00:00 AM,94899,9,1160,0,497
03/23/2022 12:00:00 AM,94922,23,1160,0,455
03/24/2022 12:00:00 AM,94945,23,1160,0,423
03/25/2022 12:00:00 AM,94965,20,1160,0,422
03/26/2022 12:00:00 AM,94971,6,1160,0,237
